{"acc": 0.8849732607761184, "loss": 0.1487290812796987, "_timestamp": 1706334377.920687, "_runtime": 11.794003009796143, "_step": 7, "_wandb": {"runtime": 5}}